{
    "user_id": "67793ae3829d11f2ade16864",
    "results": {
        "0": [
            0.6561160683631897,
            0.6662392616271973,
            0.6734828948974609,
            0.6833744645118713,
            0.6779488325119019,
            0.6860082745552063,
            0.6910430788993835,
            0.6888895630836487,
            0.6797561645507812,
            0.6771255731582642,
            0.6777290105819702,
            0.6881880164146423,
            0.6730980277061462,
            0.6667664051055908,
            0.6597065329551697,
            0.6382308602333069,
            0.6444981694221497,
            0.6508843898773193,
            0.6444018483161926,
            0.6503387689590454,
            0.6701110005378723,
            0.675919234752655
        ],
        "1": [
            0.6761667132377625,
            0.6849694848060608,
            0.6865654587745667,
            0.6779956221580505,
            0.6647385358810425,
            0.670776903629303,
            0.6771485805511475,
            0.6736519932746887,
            0.657145619392395,
            0.6831028461456299,
            0.6823634505271912,
            0.6830084919929504,
            0.6803863644599915,
            0.6721969842910767,
            0.6730915307998657,
            0.6749691367149353,
            0.6796000599861145,
            0.6676861643791199,
            0.6615424156188965,
            0.653914213180542,
            0.6574328541755676,
            0.6727893948554993
        ],
        "2": [
            0.6618437170982361,
            0.666961669921875,
            0.6760027408599854,
            0.6619742512702942,
            0.6587437987327576,
            0.6685041785240173,
            0.6631274819374084,
            0.6615256071090698,
            0.6526594161987305,
            0.6457183957099915,
            0.6363592147827148,
            0.620777428150177,
            0.6273466944694519,
            0.6206862330436707,
            0.6276894211769104,
            0.6078135967254639,
            0.6059563755989075,
            0.5958807468414307,
            0.5977280139923096,
            0.6000818014144897,
            0.5871478915214539,
            0.5990843772888184,
            0.5918371677398682,
            0.6065763831138611,
            0.6057052612304688,
            0.602281928062439,
            0.605225682258606,
            0.6080155372619629,
            0.6118365526199341,
            0.6164546608924866,
            0.6290125846862793,
            0.6182360649108887,
            0.6137252449989319,
            0.6210567355155945,
            0.6132451295852661,
            0.609492301940918,
            0.6010267734527588,
            0.6028602123260498,
            0.5981670618057251,
            0.6025023460388184,
            0.5970085859298706,
            0.5969217419624329,
            0.6081351637840271,
            0.6021304726600647,
            0.6189873218536377,
            0.6274476051330566,
            0.6283438801765442,
            0.641700267791748,
            0.6396918296813965,
            0.6498035788536072,
            0.6420481204986572,
            0.6437453627586365,
            0.6479585766792297,
            0.6417484283447266,
            0.6477992534637451,
            0.6405377388000488,
            0.6393922567367554,
            0.6452528238296509,
            0.6420948505401611,
            0.6560078859329224,
            0.6611742973327637,
            0.6564203500747681,
            0.666408121585846,
            0.6689441800117493,
            0.6721953749656677,
            0.6715921759605408,
            0.6713968515396118,
            0.6629366278648376,
            0.6738379597663879,
            0.66154545545578,
            0.661429226398468,
            0.6602979898452759,
            0.6532908082008362,
            0.645494818687439,
            0.6413503885269165,
            0.6429168581962585,
            0.6451050043106079,
            0.6515217423439026,
            0.648052990436554,
            0.6487749814987183,
            0.6443750262260437,
            0.642933189868927,
            0.6356741189956665,
            0.6354460716247559,
            0.6299690008163452,
            0.6349619626998901,
            0.6360677480697632,
            0.6352882385253906,
            0.634452760219574,
            0.6307507157325745,
            0.6311985850334167,
            0.6314588785171509,
            0.6351654529571533,
            0.6206689476966858,
            0.6323466300964355,
            0.6386712193489075,
            0.6506359577178955,
            0.6411125063896179,
            0.6508301496505737,
            0.6573700308799744,
            0.6506347060203552,
            0.65162193775177,
            0.6450136303901672,
            0.6473473310470581,
            0.6495692729949951,
            0.6548669338226318,
            0.6487878561019897,
            0.6470940113067627,
            0.6382306814193726,
            0.6542384624481201,
            0.6673583388328552,
            0.6458039283752441,
            0.6566684246063232,
            0.6625626683235168,
            0.6720272302627563,
            0.6926351189613342,
            0.7011078596115112,
            0.6996785402297974,
            0.7176243662834167,
            0.7355876564979553,
            0.732374906539917,
            0.7383825778961182
        ],