{
    "user_id": "67793ae3829d11f2ade16864",
    "results": {
        "0": [
            0.6426337361335754,
            0.6570871472358704,
            0.6539155840873718,
            0.6477136611938477,
            0.6474930644035339,
            0.6570461392402649,
            0.6659522652626038,
            0.6761796474456787,
            0.6785107254981995,
            0.6827842593193054,
            0.6805822849273682,
            0.6863207221031189,
            0.6724680066108704,
            0.6644604206085205,
            0.6623989939689636,
            0.6637880802154541,
            0.6571056246757507,
            0.6758496165275574,
            0.6872453093528748,
            0.660219669342041,
            0.6496990323066711,
            0.6521970629692078,
            0.6589627861976624,
            0.6589984893798828,
            0.6382662057876587,
            0.6611823439598083,
            0.6503867506980896,
            0.6901171207427979,
            0.6752970218658447,
            0.6387299299240112,
            0.6173222661018372,
            0.6137769222259521,
            0.6258987784385681,
            0.6356849670410156,
            0.6411954164505005,
            0.639222264289856,
            0.6352726221084595,
            0.6522513031959534,
            0.6605921387672424,
            0.6561734676361084,
            0.6514760851860046,
            0.6387061476707458
        ],
        "1": [
            0.6526238918304443,
            0.659835159778595,
            0.6431273221969604,
            0.6043246388435364,
            0.5988327264785767,
            0.5940443277359009,
            0.5929747223854065,
            0.5882067084312439,
            0.5750342607498169,
            0.5784994959831238,
            0.5729032754898071,
            0.5710569024085999,
            0.5693178176879883,
            0.564446747303009,
            0.5744783282279968,
            0.583151638507843,
            0.611301839351654,
            0.6022372841835022,
            0.598590612411499,
            0.6164003014564514,
            0.6324315667152405,
            0.6256420016288757,
            0.6211739182472229,
            0.6255773305892944,
            0.615142285823822,
            0.6210996508598328,
            0.6264551877975464,
            0.6282918453216553
        ],
        "2": [
            0.6207492351531982,
            0.6170611381530762,
            0.6153602600097656,
            0.6181278824806213,
            0.6192871332168579,
            0.6139997243881226,
            0.6099033355712891,
            0.6140545010566711,
            0.6012182235717773,
            0.6125586032867432,
            0.60682612657547,
            0.6084930300712585,
            0.6073412895202637,
            0.6035943627357483,
            0.6072368025779724,
            0.6089326739311218,
            0.6136366128921509,
            0.6040118336677551,
            0.6060155034065247,
            0.6142961978912354,
            0.603553056716919,
            0.6156424283981323,
            0.6187601685523987,
            0.6209831237792969,
            0.6209565997123718,
            0.6020208597183228,
            0.6103768348693848,
            0.5848987698554993,
            0.5951616168022156,
            0.6055262088775635,
            0.5905291438102722,
            0.5770197510719299,
            0.5800508856773376,
            0.6001708507537842,
            0.598038375377655,
            0.6127769947052002,
            0.6098076701164246,
            0.5938977003097534,
            0.5976650714874268,
            0.5971750617027283,
            0.6095190048217773,
            0.6329507827758789,
            0.6562405228614807,
            0.645331621170044,
            0.6435871124267578,
            0.6344713568687439,
            0.6324388384819031,
            0.6392945051193237,
            0.62807297706604,
            0.6226857304573059,
            0.6180239319801331,
            0.6228426694869995,
            0.6428599953651428,
            0.6262853741645813,
            0.6200394630432129,
            0.6111240983009338,
            0.6149336099624634,
            0.6174934506416321,
            0.6243558526039124,
            0.6244457960128784,
            0.6216459274291992,
            0.607059121131897,
            0.6120901107788086,
            0.6315785646438599,
            0.6320249438285828,
            0.6248946189880371,
            0.6166175603866577,
            0.627308189868927,
            0.640087366104126,
            0.6590266823768616,
            0.6465425491333008,
            0.6449970602989197,
            0.627651572227478,
            0.6415400505065918,
            0.6378024816513062,
            0.6400718688964844,
            0.6366427540779114,
            0.6412943005561829,
            0.6398343443870544,
            0.6251260042190552,
            0.6196058392524719,
            0.6128935813903809,
            0.6260432600975037,
            0.6210687756538391,
            0.6223316788673401,
            0.6453648209571838,
            0.671328067779541,
            0.6594225168228149,
            0.6565396785736084,
            0.6467688679695129,
            0.6642948985099792,
            0.6699365377426147,
            0.6646618247032166,
            0.6718815565109253,
            0.6657446026802063,
            0.6618354320526123,
            0.6772578358650208,
            0.6842228770256042,
            0.6841422915458679,
            0.6839054226875305,
            0.675722062587738,
            0.6809900999069214,
            0.6704503893852234,
            0.6734073162078857,
            0.6759539842605591,
            0.6770912408828735,
            0.6751424670219421,
            0.682427704334259,
            0.6802141666412354,
            0.6867527365684509,
            0.6842523813247681,
            0.6913440227508545,
            0.7010941505432129,
            0.7024707198143005,
            0.7021753191947937,
            0.6984742879867554,
            0.6840135455131531,
            0.670111358165741,
            0.6601455211639404,
            0.6492007970809937,
            0.6615598797798157,
            0.663508951663971,
            0.6577818393707275,
            0.6456378102302551,
            0.6316033005714417,
            0.6322279572486877,
            0.6626788973808289,
            0.662306547164917,
            0.659292995929718,
            0.6475118398666382,
            0.6406649351119995,
            0.6373881697654724,
            0.6429871320724487,
            0.6423138976097107,
            0.6335598230361938,
            0.6282075047492981,
            0.6369082927703857,
            0.6446675658226013,
            0.6334986686706543,
            0.6587867140769958,
            0.6489520072937012,
            0.6363198161125183,
            0.665335476398468,
            0.6584949493408203,
            0.6485424637794495,
            0.6491813063621521,
            0.6393423080444336,
            0.6354687809944153,
            0.6305084824562073,
            0.6175838708877563,
            0.6140149235725403,
            0.6214225888252258,
            0.6244681477546692,
            0.6133096218109131,
            0.6221233606338501,
            0.6158029437065125,
            0.6113048195838928,
            0.6084681153297424,
            0.6082664132118225,
            0.6163066625595093,
            0.6200850605964661,
            0.6258290410041809,
            0.6355050206184387,
            0.6349108815193176,
            0.6459333896636963,
            0.6483415961265564,
            0.6477574706077576,
            0.6477892398834229,
            0.6553329825401306,
            0.6405239701271057,
            0.6506856083869934,
            0.6526153683662415,
            0.6591427326202393,
            0.6506637334823608,
            0.6584576964378357,
            0.661132276058197,
