{
    "user_id": "67793ae3829d11f2ade16864",
    "results": {
        "0": [
            0.6805399656295776,
            0.6941477656364441,
            0.6951532959938049,
            0.6910716891288757,
            0.684266984462738,
            0.6947240233421326,
            0.7060362100601196,
            0.7054738998413086
        ],
        "1": [
            0.7070271372795105,
            0.7080060839653015,
            0.7069118618965149,
            0.7119957208633423,
            0.7117161750793457,
            0.7080442309379578,
            0.7042333483695984,
            0.7064127922058105,
            0.7065862417221069,
            0.6985684037208557,
            0.6958847641944885,
            0.6996407508850098,
            0.6997312307357788,
            0.6979669332504272,
            0.6996984481811523,
            0.6968719363212585,
            0.7036995887756348,
            0.7099660038948059,
            0.7022537589073181,
            0.7000538110733032,
            0.7009518146514893,
            0.7114573121070862,
            0.7099801898002625,
            0.7040694952011108,
            0.7035870552062988,
            0.706459641456604,
            0.7069712281227112
        ],
        "2": [
            0.7016474604606628,
            0.7011258602142334,
            0.6970688700675964,
            0.7005617022514343,
            0.7041007280349731,
            0.7096022963523865,
            0.7153401374816895,
            0.7186423540115356,
            0.7162305116653442,
            0.7185816764831543,
            0.7154443860054016,
            0.7200859189033508,
            0.7192877531051636,
            0.7255996465682983,
            0.7327859401702881,
            0.7399163246154785,
            0.7395789623260498,
            0.7402954697608948,
            0.7408307194709778,
            0.7410022020339966,
            0.739505410194397,
            0.734509289264679,
            0.7374159693717957,
            0.7401180863380432,
            0.7525714635848999,
            0.7559678554534912,
            0.7637163996696472,
            0.7782905101776123,
            0.789983868598938,
            0.7832806706428528,
            0.7834283113479614,
            0.7752215266227722,
            0.7690892815589905,
            0.7573367953300476,
            0.754682719707489
        ],
        "3": [
            0.7660855054855347,
            0.7786145806312561,
            0.7804995179176331,
            0.7726688981056213,
            0.7661355137825012,
            0.7632989287376404,
            0.7669764161109924,
            0.759703516960144,
            0.7591478228569031,
            0.7725809812545776,
            0.7908702492713928,
            0.7894188165664673,
            0.7949820160865784,
            0.8070868253707886,
            0.8124394416809082,
            0.8104039430618286,
            0.8095263242721558,
            0.8100369572639465,
            0.8064730763435364,
            0.7955303192138672,
            0.800713837146759,
            0.7898172736167908,
            0.7936823964118958,
            0.8046858906745911,
            0.7710726857185364,
            0.7581802010536194,
            0.7482471466064453,
            0.7384816408157349,
            0.7443639636039734,
            0.752055823802948,
            0.6708477139472961,
            0.7216923236846924,
            0.7201210856437683,
            0.7323277592658997,
            0.7615052461624146,
            0.690601110458374,
            0.7081229090690613,
            0.7226539254188538,
            0.725252091884613,
            0.7089296579360962,
            0.696814239025116,
            0.7393637895584106,
            0.7298465371131897,
            0.7452916502952576,
            0.7149344682693481,
            0.7324932813644409,
            0.7316164374351501,
            0.7415671348571777,
            0.777758777141571,
            0.7802485227584839,
            0.7910094261169434,
            0.7643909454345703,
            0.745148241519928,
            0.7672488689422607,
            0.7728199362754822,
            0.7658645510673523,
            0.7531356811523438,
            0.762471616268158,
            0.7439320087432861,
            0.759692370891571,
            0.760578989982605,
            0.7572458982467651,
            0.7650408744812012,
            0.7338537573814392,
            0.7611335515975952,
            0.7373587489128113,
            0.7369202971458435,
            0.6683940887451172,
            0.734946608543396,
            0.6909140944480896,
            0.6782058477401733,
            0.7190044522285461,
            0.6933016777038574,
            0.6880766749382019,
            0.6313696503639221,
            0.6133144497871399,
            0.649225652217865,
            0.6631412506103516,
            0.6701266765594482,
            0.7030748724937439,
            0.727809727191925,
            0.6980003118515015,
            0.6661984324455261,
            0.6014725565910339,
            0.6789686679840088,
            0.6446068286895752,
            0.60649573802948,
            0.6547481417655945,
            0.6660659313201904,
            0.6605318784713745,
            0.6525221467018127,
            0.6538236737251282,
            0.662479817867279,
            0.6527230739593506,
            0.6504297256469727,
            0.6517740488052368,
            0.6593206524848938,
            0.6741597056388855,
            0.6851186156272888,
            0.6793426871299744,
            0.6835023760795593,
            0.6929148435592651,
            0.7041863203048706,
            0.6981074213981628,
            0.7009894847869873,
            0.702227771282196,
            0.7000007033348083,
            0.7032838463783264,
            0.6975800395011902,
            0.693393886089325,
            0.6944591403007507,
            0.6921444535255432,
            0.6899891495704651,
            0.6850880980491638,
            0.6894474625587463,
            0.6867489218711853,
            0.6771363615989685,
            0.6903088092803955,
            0.6812134385108948,
            0.6895102858543396,
            0.6859126687049866,
            0.6908334493637085,
            0.6872105598449707,
            0.6792606711387634,
            0.6762319207191467,
            0.6845865249633789,
            0.6882699728012085,
            0.6849077343940735,
            0.6890340447425842,
            0.6932258009910583,
            0.6940194368362427,
            0.6897355318069458,
            0.6838445663452148,
            0.6751306056976318,
            0.6700947284698486,
            0.676485002040863,
            0.674307107925415,
            0.6751800775527954,
            0.674767255783081,
            0.674761176109314,
            0.6641419529914856,
            0.6646410226821899,
            0.6460059881210327,
            0.6432816982269287,
            0.6423459649085999,
            0.6358835697174072,
            0.6356720924377441,
            0.6372625231742859,
            0.6368143558502197,
            0.6429790258407593,
            0.6420105695724487,
            0.6411005258560181,
            0.642012357711792,
            0.6397210359573364,
            0.6448249220848083,
            0.6465653777122498,
            0.6429803371429443,
            0.6404958963394165,
            0.6397739052772522,
            0.6380131840705872,
            0.6315329074859619,
            0.6343498229980469,
            0.6335943341255188,
            0.6379967927932739,
            0.6407204866409302,
            0.6418003439903259,
            0.6452502608299255,
            0.6443975567817688,
            0.6425085067749023,
            0.6488645076751709,
            0.6412931084632874,
            0.6406847834587097,
            0.6429340839385986,
            0.6402511596679688,
            0.6376494765281677,
            0.6339309215545654,
