{
    "user_id": "67793ae3829d11f2ade16864",
    "results": {
        "0": [
            0.7337816953659058,
            0.7398724555969238,
            0.7379958033561707,
            0.7393587827682495,
            0.7409144043922424,
            0.7382102608680725,
            0.7395704984664917,
            0.7379544973373413,
            0.7360154986381531,
            0.7371978759765625,
            0.734773576259613,
            0.7301033735275269,
            0.7317969799041748,
            0.730506420135498,
            0.7317422032356262,
            0.7296428680419922,
            0.7340068817138672,
            0.7243526577949524,
            0.7136932015419006,
            0.7058489322662354,
            0.7062138319015503,
            0.7041290402412415,
            0.7016134262084961,
            0.7036608457565308,
            0.6992088556289673,
            0.6968174576759338,
            0.6968562602996826,
            0.6933217644691467,
            0.6929117441177368,
            0.6895374655723572,
            0.6968643069267273,
            0.7001462578773499,
            0.7030683755874634,
            0.7035022377967834,
            0.7076789736747742,
            0.7062197327613831,
            0.7049038410186768,
            0.7095457911491394,
            0.7130104899406433,
            0.7140207886695862,
            0.7140000462532043,
            0.7129653692245483
        ],
        "1": [
            0.7115055918693542,
            0.7009946703910828,
            0.6899222731590271,
            0.6911544799804688,
            0.6975621581077576,
            0.6969425082206726,
            0.7102497816085815,
            0.7180458903312683,
            0.7185958027839661,
            0.7186564803123474,
            0.7187239527702332,
            0.7184117436408997,
            0.7233535647392273,
            0.7271044254302979,
            0.7290671467781067,
            0.7304044365882874,
            0.7243189811706543,
            0.7182961106300354,
            0.7210066914558411,
            0.7220193147659302,
            0.7295114398002625,
            0.7273109555244446,
            0.7312098741531372,
            0.7332130670547485,
            0.731332540512085,
            0.7273963689804077,
            0.7341755628585815,
            0.7337079048156738,
            0.7355047464370728,
            0.7316080927848816,
            0.7317099571228027,
            0.73450767993927,
            0.7359372973442078,
            0.736566424369812,
            0.7360129952430725,
            0.7286338806152344,
            0.7232143878936768
        ],
        "2": [
            0.7249628305435181,
            0.7288889288902283,
            0.7358411550521851,
            0.7368530631065369,
            0.7411664724349976,
            0.7404239773750305,
            0.7333622574806213,
            0.7274311780929565,
            0.7281772494316101,
            0.727898359298706,
            0.7262669205665588,
            0.7106935977935791,
            0.7204222083091736,
            0.7093124389648438,
            0.7047998905181885,
            0.7029424905776978,
            0.6858950853347778,
            0.6847846508026123,
            0.6829321980476379,
            0.6915380358695984,
            0.7028904557228088,
            0.7114107012748718,
            0.7103926539421082,
            0.7076390981674194,
            0.7063609957695007,
            0.6983506083488464,
            0.7007622718811035,
            0.7071698307991028,
            0.7103503942489624,
            0.713695764541626,
            0.7090298533439636,
            0.7060073018074036,
            0.7059692740440369,
            0.7077774405479431,
            0.7069163918495178,
            0.7043488025665283,
            0.6967556476593018,
            0.6923556327819824,
            0.7027742862701416,
            0.706097424030304,
            0.7043579816818237,
            0.7017518877983093,
            0.7067658305168152,
            0.7167045474052429,
            0.7165083885192871,
            0.717505156993866,
            0.7203783392906189,
            0.7227365374565125,
            0.7253979444503784,
            0.7284157872200012,
            0.7300819754600525,
            0.7317590117454529,
            0.7288587689399719,
            0.7288549542427063,
            0.7308712601661682,
            0.7289886474609375,
            0.7290400862693787,
            0.7269605994224548,
            0.7210192680358887,
            0.7136688232421875,
            0.717953622341156,
            0.7229252457618713,
            0.7352271676063538,
            0.7324944138526917,
            0.7344473004341125,
            0.7232102155685425,
            0.7226915955543518,
            0.7316294312477112,
            0.7275946736335754,
            0.7269613146781921,
            0.7312952280044556,
            0.7340067028999329,
            0.7325453758239746,
            0.7313036918640137,
            0.729551374912262,
            0.7312097549438477,
            0.7280287742614746,
            0.7237991690635681,
            0.721543550491333,
            0.7201299071311951,
            0.7117737531661987,
            0.7158226370811462,
            0.7186493277549744,
            0.7200067043304443,
            0.7101777195930481,
            0.7023561000823975,
            0.6974161267280579,
            0.6948719620704651,
            0.6944945454597473,
            0.6967283487319946,
            0.6994547247886658,
            0.6976261138916016
        ]
    }
}