{
    "user_id": "67793ae3829d11f2ade16864",
    "results": {
        "0": [
            0.7440850734710693,
            0.735273540019989,
            0.7393191456794739,
            0.7470245957374573,
            0.7469624280929565,
            0.7494149208068848,
            0.7497590184211731,
            0.7471708059310913,
            0.7498524188995361,
            0.7494849562644958,
            0.7511095404624939,
            0.7476232051849365,
            0.7417469620704651,
            0.7468811869621277,
            0.748549222946167,
            0.7512161135673523,
            0.7480210065841675,
            0.7498285174369812
        ],
        "1": [
            0.7413991093635559,
            0.7414611577987671,
            0.7426589131355286,
            0.7444137334823608,
            0.744247317314148,
            0.7490044832229614,
            0.7487892508506775,
            0.7503405809402466,
            0.7491114735603333,
            0.7470654249191284,
            0.745083749294281,
            0.7458415031433105,
            0.7456339001655579,
            0.7471597790718079,
            0.7422578930854797,
            0.741862416267395,
            0.7395566701889038,
            0.7354643940925598,
            0.7346134781837463,
            0.7283471822738647,
            0.7199341654777527,
            0.7248023748397827,
            0.7192525267601013,
            0.6998612284660339,
            0.6724317073822021,
            0.6438108086585999,
            0.6154658198356628,
            0.6337743401527405,
            0.6564043164253235,
            0.7012771964073181,
            0.705895185470581,
            0.7269127368927002,
            0.7330540418624878,
            0.7317726016044617
        ]
    }
}